_norm_name,학교명,위도,경도,주소,SCHUL_NM,SD_SCHUL_CODE,HS_SC_NM,is_general_high_neis,학생수계,학급수계,2학년학생수,3학년학생수,교사수_알리미,교원총계,일반교사,일반교실,교과교실,특별교실,컴퓨터실,멀티미디어실,체육관,강당,진로상담실,is_general_high,표준과목수,과목다양성_원,계열균형성_원,계열폭_원,인근학교수_2km,보완가능과목수_2km,인근학교수_3km,보완가능과목수_3km,인근학교수_5km,보완가능과목수_5km,인근학교수_7km,보완가능과목수_7km,기존인근공급_원,자원대비공급_원,공동망_원,공동수업접근_원,공동수업부족계열해소_원
남대전고,남대전고등학교,36.31074837,127.4278195,대전광역시 중구 보문로111번길 63,남대전고등학교,7430046,일반고,True,625,30,217,238,54,60,33,30.0,8.0,5,1.0,1.0,1.0,0.0,1.0,True,48,48,0.7915158628346198,5,2,27,7,47,11,57,19,77,47,0.9296042102653175,31.0,0,0
대덕고,대덕고등학교,36.38757339,127.3816844,대전광역시 유성구 대덕대로556번길 158,대덕고등학교,7430030,일반고,True,549,31,188,196,58,73,42,31.0,6.0,9,2.0,0.0,1.0,1.0,1.0,True,56,56,0.830238360877072,5,1,11,2,15,8,47,20,139,15,1.798997287801967,5.0,0,0
대전가오고,대전가오고등학교,36.3106602,127.4544751,대전광역시 동구 신기로 71,대전가오고등학교,7430241,일반고,True,670,27,213,235,50,57,30,27.0,4.0,5,1.0,0.0,2.0,0.0,0.0,True,39,39,0.800210182194274,5,0,0,3,38,10,62,11,62,38,-6.999942715237033,3.0,0,0
대전관저고,대전관저고등학교,36.31080711,127.3377631,대전광역시 서구 관저북로 94,대전관저고등학교,7430033,일반고,True,710,28,229,254,52,65,36,28.0,5.0,8,1.0,0.0,1.0,0.0,0.0,True,49,49,0.8692711739000101,5,2,20,5,32,14,143,18,151,32,-1.7711946292930776,4.0,0,0
대전괴정고,대전괴정고등학교,36.34040306,127.3788431,대전광역시 서구 가장로 15,대전괴정고등학교,7430237,일반고,True,789,32,261,286,59,68,41,32.0,4.0,6,1.0,0.0,1.0,0.0,1.0,True,53,53,0.8796151771604339,5,4,38,5,43,19,144,29,170,43,2.672636418907416,6.0,0,0
대전구봉고,대전구봉고등학교,36.29557493,127.3310026,대전광역시 서구 관저서로 36,대전구봉고등학교,7430150,일반고,True,740,29,237,263,55,70,35,29.0,9.0,7,1.0,0.0,1.0,0.0,3.0,True,47,47,0.8664777797525044,5,4,31,4,31,9,50,15,145,31,-3.7317663076023067,7.0,0,0
대전도안고,대전도안고등학교,36.33692213,127.3373195,대전광역시 유성구 원신흥남로 51,대전도안고등학교,7430290,일반고,True,943,35,309,330,66,75,46,34.0,7.0,5,1.0,0.0,1.0,0.0,1.0,True,46,46,0.8514802981795497,5,2,106,4,113,16,150,24,161,113,-5.2806935248665,6.0,0,0
대전동산고,대전동산고등학교,36.31611842,127.4044918,대전광역시 중구 문화로 183,대전동산고등학교,7430049,일반고,True,721,34,244,268,61,67,34,33.0,8.0,5,2.0,0.0,3.0,0.0,1.0,True,47,47,0.7922782134966639,5,3,35,8,51,18,76,25,87,51,-2.8419930498849553,17.0,0,0
대전둔산여자고,대전둔산여자고등학교,36.35297303,127.3732835,대전광역시 서구 갈마역로 33,대전둔산여자고등학교,7430034,일반고,True,743,39,255,278,70,86,54,43.0,8.0,6,2.0,0.0,1.0,0.0,1.0,True,54,54,0.8991127897230398,5,5,40,6,43,17,138,28,164,43,-1.6008965144543055,9.0,0,0
대전둔원고,대전둔원고등학교,36.34283137,127.3733872,대전광역시 서구 대덕대로 101,대전둔원고등학교,7430142,일반고,True,740,31,248,263,58,69,43,31.0,8.0,5,1.0,0.0,1.0,0.0,1.0,True,58,58,0.7611739271197514,6,5,38,6,39,19,139,29,164,39,8.99408106868313,13.0,0,0
대전만년고,대전만년고등학교,36.36726986,127.3729925,대전광역시 서구 만년로 6,대전만년고등학교,7430035,일반고,True,661,29,218,247,54,72,37,29.0,4.0,8,1.0,0.0,1.0,0.0,1.0,True,52,52,0.7936217092276878,5,2,27,5,40,14,141,24,152,40,-0.20175397760428382,6.0,0,0
대전반석고,대전반석고등학교,36.38691878,127.3135242,대전광역시 유성구 지족로 332,대전반석고등학교,7430238,일반고,True,864,32,279,309,62,74,41,32.0,3.0,5,1.0,0.0,0.0,1.0,1.0,True,50,50,0.7629967150998749,6,2,24,2,24,4,114,10,135,24,-0.4402534214027938,13.0,0,0
대전복수고,대전복수고등학교,36.30377161,127.3735857,대전광역시 서구 혜천로 66,대전복수고등학교,7430253,일반고,True,637,26,209,232,53,66,31,26.0,6.0,6,1.0,0.0,1.0,0.0,1.0,True,56,56,0.7766400476689552,6,1,7,4,32,17,66,24,154,32,7.767183865717563,3.0,0,0
대전성모여자고,대전성모여자고등학교,36.32246468,127.4182965,대전광역시 중구 대흥로 62,대전성모여자고등학교,7430051,일반고,True,504,24,166,185,47,54,26,24.0,16.0,7,1.0,3.0,1.0,0.0,1.0,True,43,43,0.8641474392185186,5,7,53,8,56,16,74,22,89,56,-3.2018484875531072,6.0,0,0
대전예술고,대전예술고등학교,36.34695405,127.33356,대전광역시 유성구 월드컵대로308번길 33,대전예술고등학교,7430053,일반고,True,394,18,136,132,109,114,19,18.0,2.0,46,1.0,0.0,1.0,0.0,0.0,True,96,96,0.36421621707635204,5,2,56,3,59,13,94,20,107,59,-0.11223048620817622,3.0,0,0
대전용산고,대전용산고등학교,36.42100777,127.3959054,대전광역시 유성구 용산2로 2-16,대전용산고등학교,7430239,일반고,True,825,32,263,296,65,75,41,32.0,5.0,4,1.0,0.0,1.0,0.0,1.0,True,49,49,0.7966078760176543,6,1,5,2,15,5,49,6,50,15,-0.45094297031277364,1.0,0,0
대전이문고,대전이문고등학교,36.44731214,127.4234779,대전광역시 대덕구 석봉로 15,대전이문고등학교,7430240,일반고,True,482,25,160,165,46,53,20,24.0,11.0,17,1.0,0.0,2.0,2.0,1.0,True,70,70,0.8177197703960413,5,1,6,1,6,3,14,4,20,6,13.162558056973168,1.0,0,0
대전전민고,대전전민고등학교,36.39833683,127.3983327,대전광역시 유성구 전민로 63,대전전민고등학교,7430148,일반고,True,614,30,212,209,55,67,38,31.0,1.0,6,1.0,0.0,1.0,0.0,1.0,True,50,50,0.8020927067338325,5,1,17,3,25,5,33,14,72,25,0.4134172474682458,7.0,0,0
대전제일고,대전제일고등학교,36.31331472,127.3723589,대전광역시 서구 배재로46번길 77,대전제일고등학교,7430242,일반고,True,537,24,180,204,45,50,16,24.0,7.0,6,1.0,0.0,1.0,0.0,2.0,True,44,44,0.8361502568615274,5,2,25,4,40,19,80,27,169,40,-0.8260714089650776,15.0,0,0
대전중앙고,대전중앙고등학교,36.33842277,127.4147891,대전광역시 중구 대종로 634,대전중앙고등학교,7430052,일반고,True,481,27,171,161,52,57,14,27.0,4.0,5,1.0,0.0,2.0,0.0,2.0,True,43,43,0.7711842696097697,6,4,41,7,47,19,78,23,86,47,-2.773908524203776,15.0,0,0
대전지족고,대전지족고등학교,36.37803212,127.3156568,대전광역시 유성구 노은서로 202,대전지족고등학교,7430149,일반고,True,947,34,312,341,64,79,48,34.0,7.0,10,1.0,0.0,0.0,1.0,1.0,True,57,57,0.8467795267737603,5,2,17,2,17,5,107,11,128,17,0.020702060093768182,4.0,0,0
대전한빛고,대전한빛고등학교,36.28124455,127.3733529,대전광역시 중구 대둔산로 119-37,대전한빛고등학교,7430138,일반고,True,558,24,182,200,45,53,20,24.0,3.0,12,2.0,0.0,1.0,1.0,1.0,True,45,45,0.913447282732288,4,0,0,1,19,8,49,17,78,19,-7.2615950773443885,9.0,0,0
동대전고,동대전고등학교,36.35628714,127.4236428,대전광역시 대덕구 청림길 33,동대전고등학교,7430039,일반고,True,903,36,303,321,68,74,46,36.0,5.0,8,1.0,0.0,0.0,1.0,1.0,True,48,48,0.8102947550279864,5,0,0,4,26,13,64,21,78,26,-6.5479374293097266,1.0,0,0
동방고,동방고등학교,36.30033708,127.3462432,대전광역시 서구 계백로 1106,동방고등학교,7430244,일반고,True,793,30,263,279,63,71,29,30.0,7.0,5,1.0,1.0,1.0,0.0,2.0,True,51,51,0.7853028029520482,6,2,18,6,38,9,46,20,154,38,1.8011029987916203,10.0,0,0
명석고,명석고등학교,36.35298746,127.4542462,대전광역시 동구 우암로 380,명석고등학교,7430056,일반고,True,673,34,226,246,62,67,27,38.0,0.0,9,2.0,0.0,1.0,1.0,0.0,True,53,53,0.8101813023366693,6,0,0,2,15,8,41,12,51,15,-1.4146247799339804,14.0,0,0
보문고,보문고등학교,36.33697696,127.4241257,대전광역시 동구 우암로 57,보문고등학교,7430057,일반고,True,612,36,224,192,68,77,32,36.0,4.0,6,1.0,0.0,2.0,1.0,1.0,True,48,48,0.9022873338447037,4,5,39,9,51,15,67,21,78,51,-4.662785180088669,6.0,0,0
서대전고,서대전고등학교,36.36013353,127.3695006,대전광역시 서구 월평동로 60,서대전고등학교,7430059,일반고,True,564,31,196,186,57,64,25,31.0,0.0,9,1.0,0.0,2.0,0.0,1.0,True,52,52,0.8044172564112467,5,4,38,5,42,14,141,26,159,42,-0.3940744096805133,11.0,0,0
서대전여자고,서대전여자고등학교,36.32773715,127.369556,대전광역시 서구 배재로197번길 20,서대전여자고등학교,7430060,일반고,True,389,24,133,126,47,52,14,24.0,7.0,5,1.0,0.0,0.0,1.0,1.0,True,40,40,0.9002064994687103,4,3,41,6,57,20,162,28,175,57,-3.9489037881992815,0.0,0,0
서일고,서일고등학교,36.29332636,127.3236362,대전광역시 서구 계백로828번길 30,서일고등학교,7430061,일반고,True,576,27,194,204,51,56,22,27.0,6.0,4,1.0,0.0,1.0,0.0,1.0,True,51,51,0.7979594127645361,5,2,10,4,27,7,43,12,134,27,6.39920799451648,9.0,0,0
서일여자고,서일여자고등학교,36.29429961,127.3235457,대전광역시 서구 구봉산북로 22,서일여자고등학교,7430062,일반고,True,462,24,162,155,45,51,17,24.0,5.0,11,1.0,1.0,1.0,0.0,0.0,True,42,42,0.8078001683205717,5,2,19,4,36,8,53,12,143,36,-8.200028549644031,9.0,0,0
신탄진고,신탄진고등학교,36.44970668,127.4359505,대전광역시 대덕구 신탄진북로 14,신탄진고등학교,7430041,일반고,True,457,25,149,159,47,59,31,26.0,0.0,7,1.0,0.0,1.0,0.0,0.0,True,40,40,0.9008047485295138,4,1,36,1,36,2,41,4,50,36,-7.853506166878134,7.0,0,0
우송고,우송고등학교,36.33562875,127.4428489,대전광역시 동구 동대전로131번길 53,우송고등학교,7430140,일반고,True,805,32,264,278,57,63,27,0.0,41.0,6,1.0,1.0,0.0,2.0,1.0,True,46,46,0.8719473215039634,4,1,14,8,48,11,55,16,71,48,-1.0867355415321711,10.0,0,0
유성고,유성고등학교,36.34921738,127.334775,대전광역시 유성구 유성대로654번길 130,유성고등학교,7430042,일반고,True,975,38,332,334,69,83,51,37.0,0.0,6,2.0,0.0,1.0,0.0,1.0,True,66,66,0.8291506967616497,6,2,86,3,89,13,124,20,137,89,10.776801941837562,9.0,0,0
유성여자고,유성여자고등학교,36.38458956,127.3289254,대전광역시 유성구 은구비로138번길 70,유성여자고등학교,7430064,일반고,True,515,24,171,183,46,49,23,24.0,6.0,5,1.0,1.0,1.0,0.0,2.0,True,56,56,0.831814324255311,6,2,18,2,18,7,121,14,135,18,12.381266612429577,5.0,0,0
중일고,중일고등학교,36.42052491,127.3886965,대전광역시 유성구 배울2로 68,중일고등학교,7430065,일반고,True,665,24,211,250,44,52,17,24.0,5.0,5,1.0,0.0,1.0,0.0,0.0,True,38,38,0.8296832839279427,5,1,16,2,26,4,58,8,74,26,-6.3494550807325965,12.0,0,0
청란여자고,청란여자고등학교,36.31073792,127.4295277,대전광역시 중구 보문로95번길 40,청란여자고등학교,7430066,일반고,True,380,24,128,121,45,47,13,24.0,0.0,5,1.0,0.0,1.0,0.0,1.0,True,50,50,0.8506974755312134,6,2,25,7,45,9,49,18,74,45,6.675373868933292,0.0,0,0
충남여자고,충남여자고등학교,36.32974636,127.4112877,대전광역시 중구 선화로43번길 77,충남여자고등학교,7430044,일반고,True,881,43,281,335,76,90,57,42.0,0.0,5,0.0,0.0,1.0,0.0,1.0,True,55,55,0.8196140828033701,5,5,32,8,44,18,66,25,80,44,-0.5433101919799341,13.0,0,0
한밭고,한밭고등학교,36.34649685,127.3643986,대전광역시 서구 신갈마로141번길 58,한밭고등학교,7430045,일반고,True,733,32,237,280,59,69,44,32.0,4.0,4,1.0,0.0,2.0,2.0,2.0,True,52,52,0.7793172819535715,5,4,41,9,130,17,142,29,163,130,3.656038785956845,2.0,0,0
호수돈여자고,호수돈여자고등학교,36.32671701,127.4144851,대전광역시 중구 선화로 50,호수돈여자고등학교,7430067,일반고,True,590,31,199,195,56,63,33,31.0,1.0,3,1.0,0.0,2.0,1.0,1.0,True,47,47,0.7704686874040322,5,5,40,8,52,18,74,22,85,52,1.0474797945497727,15.0,0,0
